cluster,Overall_Offensive_Production,Speed_and_Baserunning_Aggression,Contact_and_OnBase_Efficiency,Experience_and_Longevity,Plate_Toughness_and_Intentionality,Situational_Contact_Hitting,Patience_vs_Strikeout_Profile,Gap_Power_and_Doubles_Ability,Productive_Baserunning,Salary
0,-2.105842456445013,-0.06723195774910326,0.2555232616512523,-0.16675751077547465,-0.060775848723083704,-0.017918680052086845,0.09337403201582506,-0.05394859956020912,0.04478916800336021,-1.8128235401428863
1,1.4245690450600874,-0.7161522778585365,-0.3248386198461556,0.4228966343584102,0.048077567459542184,-0.1647551000386332,-0.06628632147422395,-0.008460837654190397,-0.04277963873844557,2.7873954132183485
2,1.3704493099376096,1.0572091537139843,0.03775535115141115,-0.30247052745851893,0.03167026583828526,0.24695988101835625,-0.057413706639719904,0.09464600547534613,-0.012492712261922456,-0.8950779703141267
