cluster,Workload_and_Volume,Run_Prevention,Command_and_Control,Stamina_and_CompleteGames,Bullpen_Leverage,Strikeout_Dominance,Veteran_Pitching_Style,Mechanical_Volatility,Pressure_Composure,Relief_Effectiveness,Overall_Performance_Value,Sabermetric_Efficiency,Salary
0,-0.54813625844212,-0.17569772032502493,0.09240310695188171,0.18461442796654215,-0.17672839687890346,-0.08571980389867592,-0.2384600975577292,-0.1200075091157565,-0.03189506405008083,0.002011285934615159,0.010870305232206215,-0.04134322221975966,-1.7431850710964174
1,2.5468764101232098,2.134461070359071,-0.2503862884407324,-0.1941797047206142,0.02882828502844984,0.020201746676211677,0.49035967474340947,0.11191017275717745,0.011118736375611227,-0.18706843625645936,-0.060824504755164786,0.08723095748449167,4.005407367520311
2,-0.2814468503858783,-1.3068863811239126,-0.11903735868689633,-0.4985088293978331,0.6096080126833797,0.29925590291232124,0.44239735236557526,0.3298427220069228,0.10812749776693042,0.1624925731325319,0.018977785839217578,0.07145635971305504,2.708074068956963
